img,age,readable
2016_99633Jul1_t01a.jpg,17.0,2
2016_99633Jul1_t01b.jpg,17.0,2
2016_99633Jul1_t02a.jpg,15.0,2
2016_99633Jul1_t02b.jpg,15.0,2
2016_99633Jul1_t03a.jpg,16.0,2
2016_99633Jul1_t03b.jpg,16.0,2
2016_99633Jul1_t04a.jpg,14.0,2
2016_99633Jul1_t04b.jpg,14.0,2
2016_99633Jul1_t07.jpg,16.0,1.0
2016_99633Jul1_t09a.jpg,14.0,2
2016_99633Jul1_t09b.jpg,14.0,2
2016_99633Jul1_t10a.jpg,12.0,2
2016_99633Jul1_t10b.jpg,12.0,2
2016_99633Jul1_t11a.jpg,13.0,2
2016_99633Jul1_t11b.jpg,13.0,2
2016_99633Jul1_t12a.jpg,14.0,2
2016_99633Jul1_t12b.jpg,14.0,2
2016_99633Jul1_t13a.jpg,13.0,2
2016_99633Jul1_t13b.jpg,13.0,2
2016_99633Jul1_t14a.jpg,15.0,2
2016_99633Jul1_t14b.jpg,15.0,2
2016_99633Jul1_t15a.jpg,15.0,2
2016_99633Jul1_t15b.jpg,15.0,2
2016_99633Jul1_t16a.jpg,12.0,2
2016_99633Jul1_t16b.jpg,12.0,2
2016_99633Jul1_t17a.jpg,12.0,2
2016_99633Jul1_t17b.jpg,12.0,2
2016_99633Jul1_t18a.jpg,13.0,2
2016_99633Jul1_t18b.jpg,13.0,2
2016_99633Jul1_t22a.jpg,16.0,2
2016_99633Jul1_t22b.jpg,16.0,2
2016_99633Jul1_t23a.jpg,14.0,2
2016_99633Jul1_t23b.jpg,14.0,2
2016_99633Jul1_t24a.jpg,14.0,2
2016_99633Jul1_t24b.jpg,14.0,2
2016_99633Jul1_t26a.jpg,17.0,2
2016_99633Jul1_t26b.jpg,17.0,2
2016_99633Jul1_t27a.jpg,11.0,2
2016_99633Jul1_t27b.jpg,11.0,2
2016_99633Jul1_t28a.jpg,14.0,2
2016_99633Jul1_t28b.jpg,14.0,2
2016_99633Jul1_t29a.jpg,12.0,2
2016_99633Jul1_t29b.jpg,12.0,2
2016_99633Jul1_t30a.jpg,11.0,2
2016_99633Jul1_t30b.jpg,11.0,2
2016_99633Jul1_t31a.jpg,13.0,2
2016_99633Jul1_t31b.jpg,13.0,2
2016_99633Jul1_t32a.jpg,13.0,2
2016_99633Jul1_t32b.jpg,13.0,2
2016_99633Jul1_t34a.jpg,18.0,2
2016_99633Jul1_t34b.jpg,18.0,2
2016_99633Jul1_t35a.jpg,14.0,2
2016_99633Jul1_t35b.jpg,14.0,2
2016_99633Jul1_t36a.jpg,17.0,2
2016_99633Jul1_t36b.jpg,17.0,2
2016_99633Jul1_t38a.jpg,9.0,2
2016_99633Jul1_t38b.jpg,9.0,2
2016_99633Jul1_t42a.jpg,14.0,2
2016_99633Jul1_t42b.jpg,14.0,2
2016_99633Jul1_t43a.jpg,16.0,2
2016_99633Jul1_t43b.jpg,16.0,2
2016_99633Jul1_t44a.jpg,16.0,2
2016_99633Jul1_t44b.jpg,16.0,2
2016_99633Jul1_t45a.jpg,12.0,2
2016_99633Jul1_t45b.jpg,12.0,2
2016_99633Jul1_t46a.jpg,12.0,2
2016_99633Jul1_t46b.jpg,12.0,2
2016_99633Jul1_t48a.jpg,9.0,2
2016_99633Jul1_t48b.jpg,9.0,2
2016_99633Jul2_t08a.jpg,15.0,2
2016_99633Jul2_t08b.jpg,15.0,2
2016_99633Jul2_t19a.jpg,10.0,2
2016_99633Jul2_t19b.jpg,10.0,2
2016_99633Jul2_t33a.jpg,10.0,2
2016_99633Jul2_t33b.jpg,10.0,2
2016_99633Jul2_t37a.jpg,11.0,2
2016_99633Jul2_t37b.jpg,11.0,2
2016_99633Jul2_t39a.jpg,10.0,2
2016_99633Jul2_t39b.jpg,10.0,2
2016_99633Jul2_t40a.jpg,13.0,2
2016_99633Jul2_t40b.jpg,13.0,2
2016_99633Jul2_t41a.jpg,12.0,2
2016_99633Jul2_t41b.jpg,12.0,2
2016_99633Jul2_t47a.jpg,10.0,2
2016_99633Jul2_t47b.jpg,10.0,2
2016_99634Jul1_t01a.jpg,14.0,2
2016_99634Jul1_t01b.jpg,14.0,2
2016_99634Jul1_t03a.jpg,18.0,2
2016_99634Jul1_t03b.jpg,18.0,2
2016_99634Jul1_t05a.jpg,12.0,2
2016_99634Jul1_t05b.jpg,12.0,2
2016_99634Jul1_t07a.jpg,16.0,2
2016_99634Jul1_t07b.jpg,16.0,2
2016_99634Jul1_t08a.jpg,14.0,2
2016_99634Jul1_t08b.jpg,14.0,2
2016_99634Jul1_t11a.jpg,12.0,2
2016_99634Jul1_t11b.jpg,12.0,2
2016_99634Jul1_t13a.jpg,14.0,2
2016_99634Jul1_t13b.jpg,14.0,2
2016_99634Jul1_t17a.jpg,14.0,2
2016_99634Jul1_t17b.jpg,14.0,2
2016_99634Jul1_t20a.jpg,16.0,2
2016_99634Jul1_t20b.jpg,16.0,2
2016_99634Jul1_t23a.jpg,11.0,2
2016_99634Jul1_t23b.jpg,11.0,2
2016_99634Jul1_t25a.jpg,15.0,2
2016_99634Jul1_t25b.jpg,15.0,2
2016_99634Jul1_t29a.jpg,16.0,2
2016_99634Jul1_t29b.jpg,16.0,2
2016_99634Jul1_t31a.jpg,17.0,2
2016_99634Jul1_t31b.jpg,17.0,2
2016_99634Jul1_t32a.jpg,15.0,2
2016_99634Jul1_t32b.jpg,15.0,2
2016_99634Jul1_t33a.jpg,14.0,2
2016_99634Jul1_t33b.jpg,14.0,2
2016_99634Jul1_t35a.jpg,16.0,2
2016_99634Jul1_t35b.jpg,16.0,2
2016_99634Jul1_t38a.jpg,15.0,2
2016_99634Jul1_t38b.jpg,15.0,2
2016_99634Jul1_t39a.jpg,11.0,2
2016_99634Jul1_t39b.jpg,11.0,2
2016_99634Jul1_t40a.jpg,15.0,2
2016_99634Jul1_t40b.jpg,15.0,2
2016_99634Jul1_t43a.jpg,10.0,2
2016_99634Jul1_t43b.jpg,10.0,2
2016_99634Jul1_t45a.jpg,13.0,2
2016_99634Jul1_t45b.jpg,13.0,2
2016_99634Jul1_t46a.jpg,16.0,2
2016_99634Jul1_t46b.jpg,16.0,2
2016_99634Jul1_t47a.jpg,15.0,2
2016_99634Jul1_t47b.jpg,15.0,2
2016_99634Jul2_t02a.jpg,9.0,2
2016_99634Jul2_t02b.jpg,9.0,2
2016_99634Jul2_t04a.jpg,14.0,2
2016_99634Jul2_t04b.jpg,14.0,2
2016_99634Jul2_t06a.jpg,11.0,2
2016_99634Jul2_t06b.jpg,11.0,2
2016_99634Jul2_t10a.jpg,11.0,2
2016_99634Jul2_t10b.jpg,11.0,2
2016_99634Jul2_t12a.jpg,10.0,2
2016_99634Jul2_t12b.jpg,10.0,2
2016_99634Jul2_t14a.jpg,11.0,2
2016_99634Jul2_t14b.jpg,11.0,2
2016_99634Jul2_t15a.jpg,12.0,2
2016_99634Jul2_t15b.jpg,12.0,2
2016_99634Jul2_t16a.jpg,12.0,2
2016_99634Jul2_t16b.jpg,12.0,2
2016_99634Jul2_t18a.jpg,13.0,2
2016_99634Jul2_t18b.jpg,13.0,2
2016_99634Jul2_t19a.jpg,12.0,2
2016_99634Jul2_t19b.jpg,12.0,2
2016_99634Jul2_t21a.jpg,13.0,2
2016_99634Jul2_t21b.jpg,13.0,2
2016_99634Jul2_t22a.jpg,10.0,2
2016_99634Jul2_t22b.jpg,10.0,2
2016_99634Jul2_t24a.jpg,11.0,2
2016_99634Jul2_t24b.jpg,11.0,2
2016_99634Jul2_t26a.jpg,10.0,2
2016_99634Jul2_t26b.jpg,10.0,2
2016_99634Jul2_t27a.jpg,11.0,2
2016_99634Jul2_t27b.jpg,11.0,2
2016_99634Jul2_t28a.jpg,10.0,2
2016_99634Jul2_t28b.jpg,10.0,2
2016_99634Jul2_t30a.jpg,12.0,2
2016_99634Jul2_t30b.jpg,12.0,2
2016_99634Jul2_t34a.jpg,9.0,2
2016_99634Jul2_t34b.jpg,9.0,2
2016_99634Jul2_t36a.jpg,11.0,2
2016_99634Jul2_t36b.jpg,11.0,2
2016_99634Jul2_t37a.jpg,11.0,2
2016_99634Jul2_t37b.jpg,11.0,2
2016_99634Jul2_t41a.jpg,12.0,2
2016_99634Jul2_t41b.jpg,12.0,2
2016_99634Jul2_t42a.jpg,9.0,2
2016_99634Jul2_t42b.jpg,9.0,2
2016_99634Jul2_t44a.jpg,10.0,2
2016_99634Jul2_t44b.jpg,10.0,2
2016_99634Jul2_t48a.jpg,12.0,2
2016_99634Jul2_t48b.jpg,12.0,2
2016_99635Jul1_t01a.jpg,11.0,2
2016_99635Jul1_t01b.jpg,11.0,2
2016_99635Jul1_t02a.jpg,18.0,2
2016_99635Jul1_t02b.jpg,18.0,2
2016_99635Jul1_t03a.jpg,16.0,2
2016_99635Jul1_t03b.jpg,16.0,2
2016_99635Jul1_t04a.jpg,12.0,2
2016_99635Jul1_t04b.jpg,12.0,2
2016_99635Jul1_t05a.jpg,17.0,2
2016_99635Jul1_t05b.jpg,17.0,2
2016_99635Jul1_t06a.jpg,13.0,2
2016_99635Jul1_t06b.jpg,13.0,2
2016_99635Jul1_t11a.jpg,14.0,2
2016_99635Jul1_t11b.jpg,14.0,2
2016_99635Jul1_t14a.jpg,16.0,2
2016_99635Jul1_t14b.jpg,16.0,2
2016_99635Jul1_t16a.jpg,10.0,2
2016_99635Jul1_t16b.jpg,10.0,2
2016_99635Jul1_t17a.jpg,19.0,2
2016_99635Jul1_t17b.jpg,19.0,2
2016_99635Jul1_t18a.jpg,13.0,2
2016_99635Jul1_t18b.jpg,13.0,2
2016_99635Jul1_t20a.jpg,13.0,2
2016_99635Jul1_t20b.jpg,13.0,2
2016_99635Jul1_t21a.jpg,16.0,2
2016_99635Jul1_t21b.jpg,16.0,2
2016_99635Jul1_t22a.jpg,16.0,2
2016_99635Jul1_t22b.jpg,16.0,2
2016_99635Jul1_t23a.jpg,14.0,2
2016_99635Jul1_t23b.jpg,14.0,2
2016_99635Jul1_t24a.jpg,12.0,2
2016_99635Jul1_t24b.jpg,12.0,2
2016_99635Jul1_t25a.jpg,14.0,2
2016_99635Jul1_t25b.jpg,14.0,2
2016_99635Jul1_t26a.jpg,14.0,2
2016_99635Jul1_t26b.jpg,14.0,2
2016_99635Jul1_t28a.jpg,14.0,2
2016_99635Jul1_t28b.jpg,14.0,2
2016_99635Jul1_t30a.jpg,17.0,2
2016_99635Jul1_t30b.jpg,17.0,2
2016_99635Jul1_t31a.jpg,14.0,2
2016_99635Jul1_t31b.jpg,14.0,2
2016_99635Jul1_t32a.jpg,13.0,2
2016_99635Jul1_t32b.jpg,13.0,2
2016_99635Jul1_t33a.jpg,13.0,2
2016_99635Jul1_t33b.jpg,13.0,2
2016_99635Jul1_t35a.jpg,17.0,2
2016_99635Jul1_t35b.jpg,17.0,2
2016_99635Jul1_t36a.jpg,16.0,2
2016_99635Jul1_t36b.jpg,16.0,2
2016_99635Jul1_t37a.jpg,16.0,2
2016_99635Jul1_t37b.jpg,16.0,2
2016_99635Jul1_t39a.jpg,16.0,2
2016_99635Jul1_t39b.jpg,16.0,2
2016_99635Jul1_t40a.jpg,15.0,2
2016_99635Jul1_t40b.jpg,15.0,2
2016_99635Jul1_t43a.jpg,13.0,2
2016_99635Jul1_t43b.jpg,13.0,2
2016_99635Jul1_t44a.jpg,14.0,2
2016_99635Jul1_t44b.jpg,14.0,2
2016_99635Jul1_t45a.jpg,12.0,2
2016_99635Jul1_t45b.jpg,12.0,2
2016_99635Jul1_t46a.jpg,16.0,2
2016_99635Jul1_t46b.jpg,16.0,2
2016_99635Jul1_t48a.jpg,16.0,2
2016_99635Jul1_t48b.jpg,16.0,2
2016_99635Jul2_t07a.jpg,13.0,2
2016_99635Jul2_t07b.jpg,13.0,2
2016_99635Jul2_t08a.jpg,10.0,2
2016_99635Jul2_t08b.jpg,10.0,2
2016_99635Jul2_t09a.jpg,11.0,2
2016_99635Jul2_t09b.jpg,11.0,2
2016_99635Jul2_t10a.jpg,10.0,2
2016_99635Jul2_t10b.jpg,10.0,2
2016_99635Jul2_t12a.jpg,9.0,2
2016_99635Jul2_t12b.jpg,9.0,2
2016_99635Jul2_t13a.jpg,12.0,2
2016_99635Jul2_t13b.jpg,12.0,2
2016_99635Jul2_t15a.jpg,9.0,2
2016_99635Jul2_t15b.jpg,9.0,2
2016_99635Jul2_t27a.jpg,9.0,2
2016_99635Jul2_t27b.jpg,9.0,2
2016_99635Jul2_t29a.jpg,9.0,2
2016_99635Jul2_t29b.jpg,9.0,2
2016_99635Jul2_t34a.jpg,10.0,2
2016_99635Jul2_t34b.jpg,10.0,2
2016_99635Jul2_t38a.jpg,10.0,2
2016_99635Jul2_t38b.jpg,10.0,2
2016_99635Jul2_t41a.jpg,11.0,2
2016_99635Jul2_t41b.jpg,11.0,2
2016_99635Jul2_t42a.jpg,11.0,2
2016_99635Jul2_t42b.jpg,11.0,2
2016_99636Jul1_t01a.jpg,17.0,2
2016_99636Jul1_t01b.jpg,17.0,2
2016_99636Jul1_t02a.jpg,15.0,2
2016_99636Jul1_t02b.jpg,15.0,2
2016_99636Jul1_t04a.jpg,10.0,2
2016_99636Jul1_t04b.jpg,10.0,2
2016_99636Jul1_t05a.jpg,13.0,2
2016_99636Jul1_t05b.jpg,13.0,2
2016_99636Jul1_t07a.jpg,19.0,2
2016_99636Jul1_t07b.jpg,19.0,2
2016_99636Jul1_t09a.jpg,15.0,2
2016_99636Jul1_t09b.jpg,15.0,2
2016_99636Jul1_t13a.jpg,12.0,2
2016_99636Jul1_t13b.jpg,12.0,2
2016_99636Jul1_t14a.jpg,10.0,2
2016_99636Jul1_t14b.jpg,10.0,2
2016_99636Jul1_t15a.jpg,17.0,2
2016_99636Jul1_t15b.jpg,17.0,2
2016_99636Jul1_t16a.jpg,17.0,2
2016_99636Jul1_t16b.jpg,17.0,2
2016_99636Jul1_t17a.jpg,12.0,2
2016_99636Jul1_t17b.jpg,12.0,2
2016_99636Jul1_t20a.jpg,15.0,2
2016_99636Jul1_t20b.jpg,15.0,2
2016_99636Jul1_t22a.jpg,16.0,2
2016_99636Jul1_t22b.jpg,16.0,2
2016_99636Jul1_t24a.jpg,13.0,2
2016_99636Jul1_t24b.jpg,13.0,2
2016_99636Jul1_t26a.jpg,14.0,2
2016_99636Jul1_t26b.jpg,14.0,2
2016_99636Jul1_t28a.jpg,17.0,2
2016_99636Jul1_t28b.jpg,17.0,2
2016_99636Jul1_t30a.jpg,17.0,2
2016_99636Jul1_t30b.jpg,17.0,2
